from,to,weight,year,az,code
Ziffer7,AADW,1,2005,(BK1-212/05),(AADW/2005/01)
Ziffer2,AAO,1,2013,(454/13/1),(AAO/2013/1)
Ziffer8,AAO,1,2013,(454/13/1),(AAO/2013/1)
Ziffer9,AAO,1,2013,(454/13/1),(AAO/2013/1)
Ziffer7,AB,1,2019,(0486/19/3),(AB/2019/1)
Ziffer11,ABZ,1,2016,(0125/16/2),(ABZ/2016/1)
Ziffer13,ABZ,2,1990,(B 29/90),(ABZ/1990/1)
Ziffer2,ABZ,1,1991,(B 12/91),(ABZ/1991/1)
Ziffer7,ABZ,1,2005,(BK2-178/0),(ABZ/2005/01)
Ziffer7,ABZ,1,2006,(BK2-49/06),(ABZ/2006/01)
Ziffer8,ABZ,2,1994,(B 37/94),(ABZ/1994/1)
Ziffer8,ABZ,2,1995,(B 15b/95),(ABZ/1995/1)
Ziffer8,ABZ,1,2003,"(B1-118,151/03)",(ABZ/2003/01)
Ziffer8,ABZ,1,2003,(B1-271/02),(ABZ/2003/02)
Ziffer11,ABZM,1,2006,(BK2-256/05),(ABZM/2006/01)
Ziffer8,ABZM,1,2005,(BK1-176/05),(ABZM/2005/01)
Ziffer9,ABZM,1,2005,(BK1-176/05),(ABZM/2005/01)
Ziffer8,ABZN,1,2006,(BK2-283/05),(ABZN/2006/01)
Ziffer1,ABZO,1,2015,(0787/15/2),(ABZO/2015/1)
Ziffer7,AEB,1,2018,(0282/18/3),(AEB/2018/1)
Ziffer7,AFDA,1,2010,(0644/10/1),(AFDA/2010/1)
Ziffer7,AFDA,1,2017,(0792/17/3),(AFDA/2017/1)
Ziffer7,AnW,1,2008,(BK2-251/08),(AnW/2008/01)
Ziffer9,ANZ,2,1995,(B 94/94),(AZ/1995/1)
Ziffer11,AP,1,1998,(B 28/98),(AP/1998/1)
Ziffer7,ARF,1,2007,(BK1-77/07),(ARF/2007/01)
Ziffer7,AUGN,1,2005,(BK1-202/04),(AUGN/2005/01
Ziffer7,AUM,1,2005,(BK1-201/04),(AUM/2005/01)
Ziffer7,AUM,1,2008,(BK2-78/08),(AUM/2008/01)
Ziffer7,AUZ,1,2011,(0612/11/1),(AUZ/2011/1)
Ziffer7,AUZ,1,2019,(0675/18/3),(AUZ/2019/1)
Ziffer9,AZ,1,2001,(B 21/01),(AZ/2001/01)
Ziffer7,B,1,2019,(0304/19/3),(B/2019/1)
Ziffer7,B1,1,2012,(0409/12/2),(B1/2012/1)
Ziffer2,BA,1,2005,(BK1-133/05),(BA/2005/01)
Ziffer12,BB,1,2002,(B1-61/02),(BB/2002/01)
Ziffer8,BBZ,2,2001,(B 184/01),(BBZ/2001/01)
Ziffer8,BDZ,1,2004,(BK2-155/04),(BDZ/2004/01)
Ziffer12,BE,1,1997,(B 71/97),(BE/1997/1)
Ziffer7,BERZ,1,2004,(BK2-124/04),(BERZ/2004/01)
Ziffer2,BG,1,1998,"(B 91,92/98)",(BG/1998/1)
Ziffer4,BG,1,1998,"(B 91,92/98)",(BG/1998/1)
Ziffer8,BG,1,2010,(0438/10/1),(BG/2010/1)
Ziffer1,BI,1,1993,(B 50/92),(BI/1993/1)
Ziffer14,BI,1,1994,(B 44/93),(BI/1994/2)
Ziffer2,BI,1,1994,(B 44/93),(BI/1994/1)
Ziffer2,BI,1,1998,(B 107/97),(BI/1998/1)
Ziffer9,BI,1,1993,(B 50/92),(BI/1993/2)
Ziffer1,Bild,1,2001,(B 186/01),(Bild/2001/03)
Ziffer1,Bild,1,2002,(B1-137/02),(Bild/2002/05)
Ziffer1,Bild,1,2004,(BK2-117/04),(Bild/2004/01)
Ziffer1,Bild,1,2004,(BK1-70/04),(Bild/2004/04)
Ziffer1,Bild,1,2004,(BK1-62/04),(Bild/2004/06)
Ziffer1,Bild,1,2004,"(B1-8,9,10,11,12,13,14/04)",(Bild/2004/09)
Ziffer1,Bild,1,2004,(B1-6/04),(Bild/2004/10)
Ziffer1,Bild,1,2007,(BK2-9/07),(Bild/2007/02)
Ziffer1,Bild,1,2009,(BK1-231-233/09),(Bild/2009/06)
Ziffer1,Bild,1,2015,(0735/14/2),(Bild/2015/4)
Ziffer1,Bild,1,2018,(1060/17/1),(Bild/2018/1)
Ziffer11,Bild,1,1994,(B 62/94),(Bild/1994/7)
Ziffer11,Bild,1,1995,(B 86a/94),(Bild/1995/1)
Ziffer11,Bild,2,1995,(B 15a/95),(Bild/1995/3)
Ziffer11,Bild,2,1996,(B 39/96),(Bild/1996/5)
Ziffer11,Bild,1,1997,(B 155a-d/97),(Bild/1997/6)
Ziffer11,Bild,1,2000,(B 158/00),(Bild/2000/01)
Ziffer11,Bild,2,2001,"(B 105,106,107/01)",(Bild/2001/08)
Ziffer11,Bild,1,2002,(B1-14/02),(Bild/2002/09)
Ziffer11,Bild,1,2002,"(B1-9,10,11/02)",(Bild/2002/10)
Ziffer11,Bild,1,2004,(BK1-70/04),(Bild/2004/04)
Ziffer11,Bild,1,2004,(BK1-62/04),(Bild/2004/06)
Ziffer11,Bild,1,2004,"(B1-8,9,10,11,12,13,14/04)",(Bild/2004/09)
Ziffer11,Bild,1,2007,(BK2-9/07),(Bild/2007/02)
Ziffer11,Bild,1,2008,"(BK2-232, 233, 234, 235, 236/08)",(Bild/2008/01)
Ziffer11,Bild,1,2009,(BK1-285/08 - BK1-290/08),(Bild/2009/01)
Ziffer11,Bild,1,2009,"(BK2-72-74/09, 86/09)",(Bild/2009/02)
Ziffer11,Bild,1,2009,(BK1-231-233/09),(Bild/2009/06)
Ziffer11,Bild,1,2014,(0463+0464/14/2),(Bild/2014/1)
Ziffer11,Bild,1,2015,(0309/15/2),(Bild/2015/2)
Ziffer12,Bild,1,1994,(B 33/94),(Bild/1994/3)
Ziffer12,Bild,1,2001,(B 186/01),(Bild/2001/03)
Ziffer12,Bild,1,2004,(BK2-117/04),(Bild/2004/01)
Ziffer12,Bild,1,2004,(B1-193/03),(Bild/2004/11)
Ziffer12,Bild,1,2007,(BK2-9/07),(Bild/2007/02)
Ziffer13,Bild,1,1992,(B 14/92),(Bild/1992/2)
Ziffer13,Bild,2,1993,(B 64/92),(Bild/1993/2)
Ziffer13,Bild,1,1993,(B 26/93),(Bild/1993/3)
Ziffer13,Bild,2,1994,(B 15/94),(Bild/1994/2)
Ziffer13,Bild,1,1994,(B 62/94),(Bild/1994/8)
Ziffer13,Bild,2,1994,(B 74/94),(Bild/1994/10)
Ziffer13,Bild,2,1995,(B 15a/95),(Bild/1995/3)
Ziffer13,Bild,1,1997,(B 37/97),(Bild/1997/1)
Ziffer13,Bild,1,1997,(B 109/97),(Bild/1997/3)
Ziffer13,Bild,1,1997,(B 143/97),(Bild/1997/4)
Ziffer13,Bild,1,1999,(B 1/99),(Bild/1999/2)
Ziffer13,Bild,2,1999,(B 76/99),(Bild/1999/3)
Ziffer13,Bild,1,2000,(B 91/00),(Bild/2000/03)
Ziffer13,Bild,1,2001,(B 205/01),(Bild/2001/01)
Ziffer13,Bild,1,2001,(B 166/01),(Bild/2001/04)
Ziffer13,Bild,1,2001,(B 162/01),(Bild/2001/05)
Ziffer13,Bild,1,2001,(B 34/01),(Bild/2001/09)
Ziffer13,Bild,1,2002,(B1-150/02),(Bild/2002/03)
Ziffer13,Bild,1,2003,(B1-88/03),(Bild/2003/03)
Ziffer13,Bild,1,2005,(BK2-124/05),(Bild/2005/01)
Ziffer13,Bild,2,2009,(BK2-317/08),(Bild/2009/05)
Ziffer13,Bild,2,2011,(0391/10/2 + 0429/10/2),(Bild/2011/1)
Ziffer2,Bild,1,1991,(B 47/91),(Bild/1991/1)
Ziffer2,Bild,1,1994,(B 6/94),(Bild/1994/1)
Ziffer2,Bild,1,1995,(B 6/95),(Bild/1995/2)
Ziffer2,Bild,1,1995,(B 70/95),(Bild/1995/6)
Ziffer2,Bild,1,1996,(B 109/95),(Bild/1996/2)
Ziffer2,Bild,1,1997,(B 65/97),(Bild/1997/2)
Ziffer2,Bild,1,1997,(B 152/97),(Bild/1997/5)
Ziffer2,Bild,1,1999,(B 140/98),(Bild/1999/1)
Ziffer2,Bild,2,1999,(B 76/99),(Bild/1999/3)
Ziffer2,Bild,1,2000,(B 91/00),(Bild/2000/03)
Ziffer2,Bild,1,2001,(B 187/01),(Bild/2001/02)
Ziffer2,Bild,1,2001,(B 148/01),(Bild/2001/06)
Ziffer2,Bild,1,2001,(B 139/01),(Bild/2001/07)
Ziffer2,Bild,1,2001,(B 10/01),(Bild/2001/10)
Ziffer2,Bild,1,2001,(B 8/01),(Bild/2001/11)
Ziffer2,Bild,1,2001,"(B 211,212,213,214,215/00)",(Bild/2001/12)
Ziffer2,Bild,1,2002,(B1-65/02),(Bild/2002/07)
Ziffer2,Bild,2,2002,(B1-35/02),(Bild/2002/08)
Ziffer2,Bild,1,2003,(B1-139/03),(Bild/2003/01)
Ziffer2,Bild,2,2003,(B1-258/02),(Bild/2003/07)
Ziffer2,Bild,1,2004,(BK2-117/04),(Bild/2004/01)
Ziffer2,Bild,2,2004,(BK2-76/04),(Bild/2004/03)
Ziffer2,Bild,2,2004,(B1-18/04),(Bild/2004/08)
Ziffer2,Bild,1,2009,(BK2-42/09),(Bild/2009/03)
Ziffer2,Bild,2,2009,(BK1-63/09),(Bild/2009/04)
Ziffer2,Bild,1,2015,(0735/14/2),(Bild/2015/5)
Ziffer2,Bild,1,2018,(1060/17/1),(Bild/2018/3)
Ziffer4,Bild,1,1992,(B 49/92),(Bild/1992/4)
Ziffer4,Bild,1,1995,(B 86a/94),(Bild/1995/1)
Ziffer4,Bild,1,2002,(B1-125/02),(Bild/2002/06)
Ziffer4,Bild,1,2002,(B 232/01),(Bild/2002/11)
Ziffer6,Bild,1,2001,(B 10/01),(Bild/2001/10)
Ziffer7,Bild,1,2007,(BK2-6/07),(Bild/2007/01)
Ziffer7,Bild,1,2015,(0735/14/2),(Bild/2015/1)
Ziffer8,Bild,2,1992,(B 6/92),(Bild/1992/1)
Ziffer8,Bild,2,1992,(B 25/92),(Bild/1992/3)
Ziffer8,Bild,2,1993,(B 64/92),(Bild/1993/1)
Ziffer8,Bild,1,1993,(B 42c/93),(Bild/1993/4)
Ziffer8,Bild,1,1993,(B 48a/93),(Bild/1993/5)
Ziffer8,Bild,2,1993,(B 74/93),(Bild/1993/6)
Ziffer8,Bild,1,1994,(B 59/94),(Bild/1994/4)
Ziffer8,Bild,1,1994,(B 62/94),(Bild/1994/6)
Ziffer8,Bild,1,1994,(B 64/94),(Bild/1994/9)
Ziffer8,Bild,2,1995,(B 15a/95),(Bild/1995/3)
Ziffer8,Bild,1,1995,(B 20/95),(Bild/1995/4)
Ziffer8,Bild,2,1995,(B 67/95),(Bild/1995/5)
Ziffer8,Bild,1,1995,(B 70/95),(Bild/1995/6)
Ziffer8,Bild,1,1996,(B 102/95),(Bild/1996/1)
Ziffer8,Bild,1,1996,(B 110/95),(Bild/1996/3)
Ziffer8,Bild,1,1996,(B 53/96),(Bild/1996/4)
Ziffer8,Bild,1,1997,(B 109/97),(Bild/1997/3)
Ziffer8,Bild,1,1997,(B 143/97),(Bild/1997/4)
Ziffer8,Bild,1,1997,(B 152/97),(Bild/1997/5)
Ziffer8,Bild,1,1997,(B 155a-d/97),(Bild/1997/6)
Ziffer8,Bild,1,1999,(B 1/99),(Bild/1999/2)
Ziffer8,Bild,2,2000,(B 93/00),(Bild/2000/02)
Ziffer8,Bild,1,2001,(B 205/01),(Bild/2001/01)
Ziffer8,Bild,1,2001,(B 187/01),(Bild/2001/02)
Ziffer8,Bild,1,2001,(B 162/01),(Bild/2001/05)
Ziffer8,Bild,1,2001,(B 139/01),(Bild/2001/07)
Ziffer8,Bild,2,2001,"(B 105,106,107/01)",(Bild/2001/08)
Ziffer8,Bild,1,2001,(B 34/01),(Bild/2001/09)
Ziffer8,Bild,1,2002,"(B1-249,250/02)",(Bild/2002/01)
Ziffer8,Bild,1,2002,(B1-230/02),(Bild/2002/02)
Ziffer8,Bild,2,2002,(B1-141/02),(Bild/2002/04)
Ziffer8,Bild,1,2002,(B1-125/02),(Bild/2002/06)
Ziffer8,Bild,2,2002,(B1-35/02),(Bild/2002/08)
Ziffer8,Bild,1,2002,(B1-14/02),(Bild/2002/09)
Ziffer8,Bild,1,2002,"(B1-9,10,11/02)",(Bild/2002/10)
Ziffer8,Bild,1,2002,(B 232/01),(Bild/2002/11)
Ziffer8,Bild,2,2003,(B1-95/03),(Bild/2003/02)
Ziffer8,Bild,2,2003,(B1-70/03),(Bild/2003/04)
Ziffer8,Bild,1,2003,(B1-60/03),(Bild/2003/05)
Ziffer8,Bild,2,2003,"(B-26,27/03)",(Bild/2003/06)
Ziffer8,Bild,2,2003,(B1-258/02),(Bild/2003/07)
Ziffer8,Bild,2,2004,(BK2-114/04),(Bild/2004/02)
Ziffer8,Bild,2,2004,(BK2-76/04),(Bild/2004/03)
Ziffer8,Bild,1,2004,"(BK1-63,64/04)",(Bild/2004/05)
Ziffer8,Bild,1,2004,(BK2-26/04),(Bild/2004/07)
Ziffer8,Bild,2,2004,(B1-18/04),(Bild/2004/08)
Ziffer8,Bild,1,2005,(BK2-124/05),(Bild/2005/01)
Ziffer8,Bild,2,2005,(BA2-2/05),(Bild/2005/02)
Ziffer8,Bild,1,2006,(BK2-93 +94/06),(Bild/2006/01)
Ziffer8,Bild,1,2006,(BK1-206/06),(Bild/2006/02)
Ziffer8,Bild,2,2006,(BK2-156/06),(Bild/2006/03)
Ziffer8,Bild,2,2006,(BK2-166/06),(Bild/2006/03)
Ziffer8,Bild,2,2006,(BK2-236/06),(Bild/2006/03)
Ziffer8,Bild,1,2007,(BK1-135 und 136/07),(Bild/2007/03)
Ziffer8,Bild,1,2008,"(BK2-232, 233, 234, 235, 236/08)",(Bild/2008/01)
Ziffer8,Bild,1,2009,(BK1-285/08 - BK1-290/08),(Bild/2009/01)
Ziffer8,Bild,1,2009,"(BK2-72-74/09, 86/09)",(Bild/2009/02)
Ziffer8,Bild,2,2009,(BK1-63/09),(Bild/2009/04)
Ziffer8,Bild,2,2009,(BK2-317/08),(Bild/2009/05)
Ziffer8,Bild,2,2011,(0391/10/2 + 0429/10/2),(Bild/2011/1)
Ziffer8,Bild,2,2011,(0103/11/2),(Bild/2011/2)
Ziffer8,Bild,2,2011,(0223/11/2),(Bild/2011/3)
Ziffer8,Bild,1,2012,(0377+0378/12/1),(Bild/2012/1)
Ziffer8,Bild,1,2013,(358/13/1),(Bild/2013/1)
Ziffer8,Bild,1,2013,(0045+0046/13/2),(Bild/2013/2)
Ziffer8,Bild,1,2014,(0463+0464/14/2),(Bild/2014/1)
Ziffer8,Bild,1,2014,(0048/14/3),(Bild/2014/2)
Ziffer8,Bild,1,2015,(0309/15/2),(Bild/2015/3)
Ziffer8,Bild,1,2016,(0947/15/2),(Bild/2016/1)
Ziffer8,Bild,1,2018,(0119/18/2),(Bild/2018/2)
Ziffer8,Bild,1,2019,(0724/19/1),(Bild/2019/1)
Ziffer9,Bild,1,1992,(B 49/92),(Bild/1992/5)
Ziffer9,Bild,1,1994,(B 59/94),(Bild/1994/5)
Ziffer9,Bild,1,2001,(B 186/01),(Bild/2001/03)
Ziffer9,Bild,1,2003,(B1-139/03),(Bild/2003/01)
Ziffer9,Bild,1,2004,(B1-6/04),(Bild/2004/10)
Ziffer9,Bild,1,2007,(BK1-135 und 136/07),(Bild/2007/03)
Ziffer8,BildA,1,2010,(0382/10/1),(BildA/2010/1)
Ziffer1,BildaS,1,2014,(0597/14/2),(BildaS/2014/1)
Ziffer10,BildaS,1,2014,(0597/14/2),(BildaS/2014/1)
Ziffer12,BildaS,1,2014,(0597/14/2),(BildaS/2014/1)
Ziffer2,BildaS,1,2016,(0652/16/2),(BildaS/2016/3)
Ziffer8,BildaS,1,1992,(B 71/91),(BildaS/1992/1)
Ziffer8,BildaS,2,2010,(0273/10/2),(BildaS/2010/1)
Ziffer8,BildaS,1,2016,(1159/15/2),(BildaS/2016/1)
Ziffer8,BildaS,1,2016,(0652/16/2),(BildaS/2016/2)
Ziffer12,BildB,1,2006,(BK2-147/06),(BildB/2006/01)
Ziffer1,BildBR,2,2008,(BK2-221/07),(BildBR/2008/01)
Ziffer13,BildBR,2,2007,(BK1-194/06),(BildBR/2007/01)
Ziffer2,BildBR,2,2007,(BK1-194/06),(BildBR/2007/01)
Ziffer2,BildBR,2,2008,(BK2-221/07),(BildBR/2008/01)
Ziffer8,BildBR,2,2008,(BK2-221/07),(BildBR/2008/01)
Ziffer11,BildD,1,2005,(BK2-202/05),(BildD/2005/01)
Ziffer8,BildD,1,2005,(BK2-202/05),(BildD/2005/01)
Ziffer11,BildDE,1,2014,(0474/14/1),(BildDE/2014/1)
Ziffer11,BildDE,1,2014,(0463+0464/14/2),(BildDE/2014/2)
Ziffer11,BildDE,1,2015,(0017/15/2),(BildDE/2015/2)
Ziffer12,BildDE,1,2014,(0780/13/1),(BildDE/2014/5)
Ziffer13,BildDE,1,2014,(0136+0152/14/1),(BildDE/2014/3)
Ziffer8,BildDE,1,2014,(0474/14/1),(BildDE/2014/1)
Ziffer8,BildDE,1,2014,(0463+0464/14/2),(BildDE/2014/2)
Ziffer8,BildDE,1,2014,(0136+0152/14/1),(BildDE/2014/3)
Ziffer8,BildDE,1,2014,(0120/14/1),(BildDE/2014/4)
Ziffer8,BildDE,1,2015,(0017/15/2),(BildDE/2015/1)
Ziffer8,BildF,2,2010,(0275/10/2),(BildF/2010/1)
Ziffer1,BildH,1,2006,(BK2-252/05),(BildH/2006/01)
Ziffer12,BildH,1,2006,(BK2-252/05),(BildH/2006/01)
Ziffer8,BildH,1,2006,(BK2-252/05),(BildH/2006/01)
Ziffer8,BildHA,1,2007,(BK2-57/07),(BildHA/2007/01)
Ziffer11,BildK,2,2005,(BK2-66/05),(BildK/2005/01)
Ziffer8,BildK,2,2005,(BK2-66/05),(BildK/2005/01)
Ziffer8,BildM,1,2003,(B1-117/03),(BildM/2003/01)
Ziffer8,BildM,2,2005,(BK2-67/05),(BildM/2005/01)
Ziffer8,BildM,1,2005,(BK1-177/05),(BildM/2005/02)
Ziffer9,BildM,1,2005,(BK1-177/05),(BildM/2005/02)
Ziffer4,BildMW,1,2004,(BK2-88/04),(BildMW/2004/01)
Ziffer8,BildMW,1,2004,(BK2-88/04),(BildMW/2004/01)
Ziffer8,BildN,1,2003,(B1-158/03),(BildN/2003/01)
Ziffer1,BildO,1,2001,(B 186/01),(BildO/2001/01)
Ziffer1,BildO,1,2009,(BK1-224/09),(BildO/2009/03)
Ziffer1,BildO,1,2014,(0597/14/2),(BildO/2014/1)
Ziffer1,BildO,1,2016,(0779/16/2),(BildO/2016/6)
Ziffer1,BildO,1,2018,(0012/18/1),(BildO/2018/3)
Ziffer1,BildO,1,2019,(0343/19/2),(BildO/2019/10)
Ziffer10,BildO,1,2014,(0597/14/2),(BildO/2014/1)
Ziffer11,BildO,2,2001,"(B 105,106,107/01)",(BildO/2001/01)
Ziffer11,BildO,1,2009,(BK2-90/09),(BildO/2009/01)
Ziffer11,BildO,1,2009,(BK2-249-09),(BildO/2009/04)
Ziffer11,BildO,1,2009,(BK2-250-09),(BildO/2009/05)
Ziffer11,BildO,1,2010,(BK1-447/09),(BildO/2010/1)
Ziffer11,BildO,1,2015,(0545/15/2),(BildO/2015/1)
Ziffer11,BildO,1,2015,(0646/15/1),(BildO/2015/2)
Ziffer11,BildO,1,2016,(0455/16/2),(BildO/2016/1)
Ziffer11,BildO,1,2016,(0667/16/2),(BildO/2016/5)
Ziffer11,BildO,1,2016,(0269/16/2),(BildO/2016/7)
Ziffer11,BildO,1,2016,(0455/16/2),(BildO/2016/9)
Ziffer11,BildO,1,2018,(0174/18/1),(BildO/2018/5)
Ziffer11,BildO,1,2019,(0674/19/1),(BildO/2019/3)
Ziffer11,BildO,1,2019,(0223/19/2),(BildO/2019/9)
Ziffer11,BildO,1,2019,(0865/19/2),(BildO/2019/13)
Ziffer12,BildO,1,2001,(B 186/01),(BildO/2001/01)
Ziffer12,BildO,1,2014,(0597/14/2),(BildO/2014/1)
Ziffer14,BildO,1,2019,(0572/19/1),(BildO/2019/2)
Ziffer2,BildO,1,2013,(0156+0158/13/1),(BildO/2013/7)
Ziffer2,BildO,1,2019,(0572/19/1),(BildO/2019/1)
Ziffer7,BildO,1,2013,(689/13/2),(BildO/2013/1)
Ziffer8,BildO,2,2001,"(B 105,106,107/01)",(BildO/2001/01)
Ziffer8,BildO,2,2009,(BK2-71 +75-09),(BildO/2009/02)
Ziffer8,BildO,1,2009,(BK1-224/09),(BildO/2009/03)
Ziffer8,BildO,1,2009,(BK2-250-09),(BildO/2009/05)
Ziffer8,BildO,2,2009,(BK2-316/09),(BildO/2009/06)
Ziffer8,BildO,1,2010,(BK1-447/09),(BildO/2010/1)
Ziffer8,BildO,1,2010,(0017/10/1),(BildO/2010/2)
Ziffer8,BildO,1,2010,(0555/10/1),(BildO/2010/3)
Ziffer8,BildO,1,2010,(0382/10/1),(BildO/2010/4)
Ziffer8,BildO,2,2011,(0821/10/2),(BildO/2011/1)
Ziffer8,BildO,2,2011,(0143/11/2),(BildO/2011/2)
Ziffer8,BildO,2,2011,(0171/11/2),(BildO/2011/3)
Ziffer8,BildO,2,2011,(0457/11/2),(BildO/2011/4)
Ziffer8,BildO,2,2012,(0787/11/2),(BildO/2012/1)
Ziffer8,BildO,1,2012,(0042/12/1),(BildO/2012/2)
Ziffer8,BildO,2,2012,(0367/12/2),(BildO/2012/3)
Ziffer8,BildO,1,2012,(0377+0378/12/1),(BildO/2012/4)
Ziffer8,BildO,2,2012,(0535/12/2),(BildO/2012/5)
Ziffer8,BildO,2,2013,(680+681+684/13/1),(BildO/2013/2)
Ziffer8,BildO,1,2013,(674/12/1 + 675/12/1),(BildO/2013/3)
Ziffer8,BildO,1,2013,(0022/13/1),(BildO/2013/4)
Ziffer8,BildO,1,2013,(721/12/2),(BildO/2013/5)
Ziffer8,BildO,1,2013,(0019/13/2),(BildO/2013/6)
Ziffer8,BildO,1,2013,(0156+0158/13/1),(BildO/2013/7)
Ziffer8,BildO,1,2016,(0653/16/2),(BildO/2016/2)
Ziffer8,BildO,1,2016,(0545/15/2),(BildO/2016/3)
Ziffer8,BildO,1,2016,(0844/16/1),(BildO/2016/4)
Ziffer8,BildO,1,2016,(0269/16/2),(BildO/2016/8)
Ziffer8,BildO,1,2017,(1038/16/1),(BildO/2017/1)
Ziffer8,BildO,1,2017,(1123/16/2),(BildO/2017/2)
Ziffer8,BildO,1,2017,(0256/17/1),(BildO/2017/3)
Ziffer8,BildO,1,2017,(0472/17/1),(BildO/2017/4)
Ziffer8,BildO,1,2017,(0475/17/1),(BildO/2017/5)
Ziffer8,BildO,1,2018,(0976/17/1),(BildO/2018/1)
Ziffer8,BildO,1,2018,(0012/18/1),(BildO/2018/2)
Ziffer8,BildO,1,2018,(0174/18/1),(BildO/2018/4)
Ziffer8,BildO,1,2019,(0019/18/1),(BildO/2019/4)
Ziffer8,BildO,1,2019,(0674/19/1),(BildO/2019/5)
Ziffer8,BildO,1,2019,(1024/18/1),(BildO/2019/6)
Ziffer8,BildO,1,2019,(0117/19/2),(BildO/2019/7)
Ziffer8,BildO,1,2019,(0212/19/1),(BildO/2019/8)
Ziffer8,BildO,1,2019,(0343/19/2),(BildO/2019/11)
Ziffer8,BildO,1,2019,(0656/19/1),(BildO/2019/12)
Ziffer9,BildO,1,2001,(B 186/01),(BildO/2001/01)
Ziffer9,BildO,1,2010,(BK1-447/09),(BildO/2010/1)
Ziffer13,BildRN,1,2006,(BK2-257/05),(BildRN/2006/01)
Ziffer2,BildRN,1,2006,(BK2-257/05),(BildRN/2006/01)
Ziffer8,BildS,1,2006,(BK1-144/06),(BildS/2006/01)
Ziffer1,BK,1,2003,"(B1-161,162,163/03)",(BK/2003/01)
Ziffer11,BK,1,2003,"(B1-161,162,163/03)",(BK/2003/01)
Ziffer2,BK,1,2000,(B 51/00),(BK/2000/01)
Ziffer7,BK,1,2010,(0608/10/1),(BK/2010/1)
Ziffer7,BK,1,2019,(0126/19/3),(BK/2019/1)
Ziffer8,BK,1,1993,(B 48c/93),(BK/1993/1)
Ziffer8,BK,1,1995,(B 22b/95),(BK/1995/1)
Ziffer8,BK,1,2000,(B 51/00),(BK/2000/01)
Ziffer8,BK,2,2002,(B1-140/02),(BK/2002/01)
Ziffer8,BK,1,2002,(B 222/01),(BK/2002/02)
Ziffer8,BK,1,2004,(BK2-27/04),(BK/2004/01)
Ziffer8,BKO,1,2016,(0854/16/1),(BKO/2016/1)
Ziffer2,BM,1,2001,(B 217/00),(BM/2001/02)
Ziffer7,BM,1,2001,(B 17/01),(BM/2001/01)
Ziffer12,BMP,1,2005,"(BK1-246/04, 10/05)",(BMP/2005/01)
Ziffer2,BMPO,1,2012,(0243/12/1),(BMPO/2012/1)
Ziffer9,BMPO,1,2012,(0243/12/1),(BMPO/2012/1)
Ziffer8,BOZ,2,2008,(BK1-200/08),(BOZ/2008/01)
Ziffer1,BPO,1,2018,(0115/18/2),(BPO/2018/1)
Ziffer8,BPO,1,2018,(0183/18/2),(BPO/2018/2)
Ziffer8,BPO,1,2018,(0539/18/2),(BPO/2018/3)
Ziffer8,BPO,1,2018,(0707/18/2),(BPO/2018/4)
Ziffer8,BPO,1,2019,(0005/19/2),(BPO/2019/2)
Ziffer8,BPO,1,2019,(0751/18/2),(BPO/2019/1)
Ziffer2,Bravo,1,1996,(B 92a+b/95),(Bravo/1996/1)
Ziffer2,Bravo,1,1999,(B 93/99),(Bravo/1999/1)
Ziffer2,Bravo,1,2001,(B 20/01),(Bravo/2001/01)
Ziffer8,Bravo,1,2001,(B 20/01),(Bravo/2001/01)
Ziffer1,BravoHH,1,2007,(BK2-56/07),(BravoHH/2007/01)
Ziffer11,BravoHH,1,2007,(BK2-56/07),(BravoHH/2007/01)
Ziffer7,BravoO,1,2017,(0859/16/3),(BravoO/2017/6)
Ziffer8,BravoO,1,2017,(0756/16/3),(BravoO/2017/1)
Ziffer7,BravoS,1,2005,(BK1-211/05),(BravoS/2005/01)
Ziffer7,BravoSport,1,2019,(1058/18/3),(BravoSport/2019/1)
Ziffer2,BRZ,1,2005,(BK1-205/04),(BRZ/2005/01)
Ziffer7,BS,1,2011,(0213/11/2),(BS/2011/1)
Ziffer2,BSZ,2,2010,(BK1-390 + 391/09),(BSZ/2010/1)
Ziffer8,BSZ,2,2010,(BK1-390 + 391/09),(BSZ/2010/1)
Ziffer9,BSZ,2,2010,(BK1-390 + 391/09),(BSZ/2010/1)
Ziffer7,Bunte,1,2008,(BK2-41/08),(Bunte/2008/01)
Ziffer7,Bunte,1,2012,(0817/11/2),(Bunte/2012/1)
Ziffer8,Bunte,1,1991,(B 20/91),(Bunte/1991/1)
Ziffer7,BWZ,1,2003,(B1-181/03),(BWZ/2003/01)
Ziffer11,BZ,2,2012,(0827/11/2),(BZ/2012/1)
Ziffer13,BZ,1,1995,(B 19/95),(BZ/1995/1)
Ziffer13,BZ,1,2004,(BK1-108/04),(BZ/2004/02)
Ziffer13,BZ,1,2004,(BK2-89/04),(BZ/2004/03)
Ziffer14,BZ,1,2004,(BK2-132/04),(BZ/2004/01)
Ziffer2,BZ,1,2000,(B 164/00),(BZ/2000/01)
Ziffer2,BZ,2,2004,(B1-17/04),(BZ/2004/04)
Ziffer7,BZ,1,2015,(0678/15/1),(BZ/2015/1)
Ziffer8,BZ,1,1993,(B 48b/93),(BZ/1993/1)
Ziffer8,BZ,1,1995,(B 19/95),(BZ/1995/1)
Ziffer8,BZ,1,1995,(B 22a/95),(BZ/1995/2)
Ziffer8,BZ,1,1999,(B 45/99),(BZ/1999/1)
Ziffer8,BZ,1,2000,(B 41/00),(BZ/2000/02)
Ziffer8,BZ,2,2000,(B 12/00),(BZ/2000/03)
Ziffer8,BZ,1,2001,(B 98/01),(BZ/2001/01)
Ziffer8,BZ,1,2002,"(B1-209,210/02)",(BZ/2002/01)
Ziffer8,BZ,1,2004,(BK1-108/04),(BZ/2004/02)
Ziffer8,BZ,1,2004,(BK2-89/04),(BZ/2004/03)
Ziffer8,BZ,2,2004,(B1-17/04),(BZ/2004/04)
Ziffer8,BZ,2,2012,(0827/11/2),(BZ/2012/1)
Ziffer9,BZ,2,2000,(B 12/00),(BZ/2000/03)
Ziffer1,BZB,1,2006,(BK2-1/06),(BZB/2006/01)
Ziffer6,BZB,1,2006,(BK2-1/06),(BZB/2006/01)
Ziffer8,BZB,2,2005,(BK2-113 + 114/05),(BZB/2005/01)
Ziffer9,BZB,1,2006,(BK2-1/06),(BZB/2006/01)
Ziffer13,BZO,2,2010,(BK2-431 + 432/09),(BZP/2010/1)
Ziffer8,BZO,2,2010,(BK2-431 + 432/09),(BZP/2010/1)
Ziffer8,BZO,1,2013,(455/13/2),(BZO/2013/1)
Ziffer8,BZO,1,2016,(1208/15/4),(BZO/2016/1)
Ziffer10,CE,1,1995,(B 51/95),(CE/1995/1)
Ziffer7,ChipO,1,2016,(0130/16/3),(ChipO/2016/1)
Ziffer7,ChipO,1,2018,(0408/18/3),(ChipO/2018/1)
Ziffer1,CMP,1,2014,(0476/14/1),(CMP/2014/1)
Ziffer11,CMP,1,1994,(B 31/94),(CMP/1994/2)
Ziffer2,CMP,2,1995,(B 88/94),(CMP/1995/1)
Ziffer8,CMP,1,1994,(B 31/94),(CMP/1994/1)
Ziffer8,CMP,2,1995,(B 88/94),(CMP/1995/1)
Ziffer8,CMP,1,2003,(B1-104/03),(CMP/2003/01)
Ziffer8,CN,2,2004,(B1-16/04),(CN/2004/01)
Ziffer7,Cond,1,2013,(215/13/2),(Cond/2013/1)
Ziffer7,Cosmo,1,2007,(BK1-203/07),(Cosmo/2007/01)
Ziffer7,Couch,1,2016,(0040/16/3),(Couch/2016/1)
Ziffer1,Coupe,1,1999,(B 141/98),(Coupe/1999/1)
Ziffer1,Coupe,1,2001,(B 69/01),(Coupe/2001/02)
Ziffer1,Coupe,1,2001,(B 188/00),(Coupe/2001/03)
Ziffer1,Coupe,1,2001,(B 187/00),(Coupe/2001/04)
Ziffer11,Coupe,1,1998,(B 81/98),(Coupe/1998/1)
Ziffer12,Coupe,1,1991,(B 2/91),(Coupe/1991/1)
Ziffer12,Coupe,1,1997,(B 87/97),(Coupe/1997/2)
Ziffer14,Coupe,1,1991,(B 2/91),(Coupe/1991/2)
Ziffer14,Coupe,1,1997,(B 27/97),(Coupe/1997/1)
Ziffer14,Coupe,1,2000,(B 96/00),(Coupe/2000/01)
Ziffer2,Coupe,1,1994,(B 88/93),(Coupe/1994/2)
Ziffer2,Coupe,1,1995,(B 81/94),(Coupe/1995/1)
Ziffer2,Coupe,1,1996,(B 98a/95),(Coupe/1996/1)
Ziffer2,Coupe,1,1997,(B 27/97),(Coupe/1997/1)
Ziffer2,Coupe,1,1997,(B 96/97),(Coupe/1997/3)
Ziffer2,Coupe,1,1998,(B 81/98),(Coupe/1998/1)
Ziffer2,Coupe,1,2001,(B 70/01),(Coupe/2001/01)
Ziffer2,Coupe,1,2001,(B 69/01),(Coupe/2001/02)
Ziffer2,Coupe,1,2001,(B 52/01),(Coupe/2001/03)
Ziffer2,Coupe,1,2001,(B 188/00),(Coupe/2001/03)
Ziffer2,Coupe,1,2001,(B 187/00),(Coupe/2001/04)
Ziffer9,Coupe,1,1994,(B 13/91),(Coupe/1994/1)
Ziffer9,Coupe,1,1997,(B 27/97),(Coupe/1997/1)
Ziffer2,CPC,1,2005,(BK1-130/05),(CPC/2005/01)
Ziffer2,DA,1,2010,(BK2-441/09),(DA/2010/1)
Ziffer2,DA,1,2016,(0757/16/2),(DA/2016/1)
Ziffer8,DA,1,2010,(BK2-441/09),(DA/2010/1)
Ziffer8,DE,2,1990,(B 98/90),(DE/1990/1)
Ziffer7,DEFH,1,2007,(BK2-191/07),(DEFH/2007/01)
Ziffer7,DEFH,1,2008,(BK2-197/08),(DEFH/2008/01)
Ziffer12,DelK,1,2015,(0704/15/1),(DelK/2015/1)
Ziffer1,DGB,1,2006,(BK2-246/06),(DGB/2006/01)
Ziffer2,DGB,1,2006,(BK2-246/06),(DGB/2006/01)
Ziffer2,DGB,1,2014,(0806/13/1),(DGB/2014/1)
Ziffer8,DGB,1,2014,(0806/13/1),(DGB/2014/1)
Ziffer8,DGZ,1,1991,(B 49/91),(DGZ/1991/1)
Ziffer8,DHO,1,2014,(0051+0059+0073/14/2),(DHO/2014/1)
Ziffer7,DIA,1,2013,(749/13/2),(DIA/2013/1)
Ziffer7,DigitalF,1,2019,(1013/18/3),(DigitalF/2019/2)
Ziffer7,DigitalF,1,2019,(1123/18/3),(DigitalF/2019/1)
Ziffer7,DJ,1,2014,(0391/14/2),(DJ/2014/1)
Ziffer8,DJZ,1,2018,(0772/18/1),(GJZ/2018/1)
Ziffer7,DK,1,2017,(0626/17/3),(DK/2017/2)
Ziffer2,DL,1,2014,(0023/14/1),(DL/2014/1)
Ziffer9,DL,1,2014,(0023/14/1),(DL/2014/1)
Ziffer8,DM,2,2001,(B 121/01),(DM/2001/01)
Ziffer8,DM,1,2003,(B1-57/03),(DM/2003/01)
Ziffer8,DM,1,2004,(BK2-158/04),(DM/2004/01)
Ziffer8,DM,1,2004,(BK1-107/04),(DM/2004/02)
Ziffer8,DM,1,2007,(BK1-327/06),(DMP/2007/01)
Ziffer8,DM,1,2012,(0013/12/2),(DM/2012/1)
Ziffer8,DM,2,2012,(0835/11/2),(DM/2012/2)
Ziffer12,DMM,1,2016,(0662/16/1),(DMM/2016/1)
Ziffer7,DN,1,2010,(0651/10/2),(DN/2010/1)
Ziffer8,DN,1,2011,(0575/11/2),(DN/2011/1)
Ziffer1,DNB,1,2013,(348/13/2),(DNB/2013/1)
Ziffer1,DNB,1,2015,(0266/15/1),(DNB/2015/1)
Ziffer2,DNB,1,2001,(B 182/01),(DNB/2001/01)
Ziffer2,DNB,1,2002,(B 217/01),(DNB/2002/01)
Ziffer2,DNB,2,2004,(B1-19/04),(DNB/2004/01)
Ziffer2,DNB,1,2009,(BK1-239/09),(DNB/2009/01)
Ziffer2,DNB,1,2013,(348/13/2),(DNB/2013/1)
Ziffer2,DNB,1,2015,(0266/15/1),(DNB/2015/1)
Ziffer7,DNB,1,2007,(BK2-169/07),(DNB/2007/01)
Ziffer7,DNB,1,2010,(0650/10/2),(DNB/2010/1)
Ziffer8,DNB,1,2001,(B 182/01),(DNB/2001/01)
Ziffer8,DNB,2,2004,(B1-19/04),(DNB/2004/01)
Ziffer7,DNF,1,2010,(0635/10/2),(DNF/2010/1)
Ziffer7,DNF,1,2010,(0654/10/1),(DNF/2010/2)
Ziffer1,DNT,1,2008,(BK1-56/08),(DNT/2008/01)
Ziffer6,DNT,1,2008,(BK1-56/08),(DNT/2008/01)
Ziffer10,DP,1,1990,(B 24/90),(DP/1990/1)
Ziffer8,DRP,2,2009,(BK1-275/08),(DRP/2009/01)
Ziffer8,DW,2,1992,(B 15/92),(DW/1992/1)
Ziffer8,DWE,1,2010,(0233/10/2),(DWE/2010/1)
Ziffer12,DWO,1,2012,(0026/12/1),(DWO/2012/1)
Ziffer1,DZ,1,1998,(B 38/98),(DZ/1998/1)
Ziffer7,EC,1,2002,(B1-95/02),(EC/2002/01)
Ziffer7,eJournal,1,2005,(BK1-11/05),(eJournal/2005/01)
Ziffer1,ES,1,2002,(B1-178/02),(ES/2002/01)
Zifferunbekannt,ES,1,1996,(B 8/96),(ES/1996/1)
Ziffer7,ET,1,2004,(BK1-118/04),(ET/2004/01)
Ziffer7,ETN,1,2000,(B 136/00),(ETN/2000/01)
Ziffer1,EUR,1,2008,(BK2-105/08),(EUR/2008/01)
Ziffer7,EUR,1,2008,(BK2-105/08),(EUR/2008/01)
Ziffer1,Express,1,2019,(0127/19/3),(Express/2019/2)
Ziffer11,Express,1,2006,(BK2-101/06),(Express/2006/02)
Ziffer13,Express,2,1994,(B 80a/93),(Express/1994/1)
Ziffer13,Express,1,2001,(B 209/01),(Express/2001/01)
Ziffer13,Express,1,2001,(B 206/01),(Express/2001/02)
Ziffer13,Express,2,2001,(B 202/00),(Express/2001/03)
Ziffer13,Express,2,2001,(B 195/00),(Express/2001/04)
Ziffer2,Express,1,2001,(B 206/01),(Express/2001/02)
Ziffer2,Express,1,2003,(B1-21/03),(Express/2003/01)
Ziffer2,Express,1,2007,(BK1-210/07),(Express/2007/01)
Ziffer5,Express,1,2006,(BK1-295/05),(Express/2006/01)
Ziffer6,Express,2,2006,(BK2-103 + 104/06),(Express/2006/03)
Ziffer7,Express,1,2019,(0127/19/3),(Express/2019/1)
Ziffer8,Express,1,2001,(B 209/01),(Express/2001/01)
Ziffer8,Express,1,2001,(B 206/01),(Express/2001/02)
Ziffer8,Express,2,2001,(B 202/00),(Express/2001/03)
Ziffer8,Express,1,2003,(B1-21/03),(Express/2003/01)
Ziffer9,Express,1,2003,(B1-21/03),(Express/2003/01)
Ziffer11,ExpressO,1,2010,(BK2-442/09),(ExpressO/2010/1)
Ziffer2,ExpressO,1,2018,(0014/18/1),(ExpressO/2018/1)
Ziffer8,ExpressO,1,2010,(BK2-442/09),(ExpressO/2010/1)
Ziffer8,EZ,2,2004,(B2-9/03),(EZ/2004/01)
Ziffer2,FA,1,2013,(341/13/2),(FA/2013/1)
Ziffer8,FA,1,2013,(341/13/2),(FA/2013/1)
Ziffer7,FASO,1,2016,(1096/15/3),(FASO/2016/1)
Ziffer12,FAZ,1,2017,(596/17/1),(FAZ/2017/1)
Ziffer2,FAZ,1,1993,(B 4/93),(FAZ/1993/1)
Ziffer2,FAZN,1,2014,(0776/13/1),(FAZN/2014/5)
Ziffer8,FAZN,1,2014,(0776/13/1),(FAZN/2014/5)
Ziffer2,FE,1,2013,(344/13/2),(FE/2013/1)
Ziffer2,FE,1,2015,(0238/15/2),(FE/2015/1)
Ziffer8,FE,1,2015,(0238/15/2),(FE/2015/2)
Ziffer7,FH,1,2017,(0575/17/3),(FH/2017/1)
Ziffer1,FHM,1,2002,(B1-25/02),(FHM/2002/01)
Ziffer11,FHM,1,2002,(B1-25/02),(FHM/2002/01)
Ziffer7,FM,1,2001,(B 199/01),(FM/2001/01)
Ziffer2,FMO,1,2019,(1119/18/2),(FMO/2019/1)
Ziffer11,FN,1,1991,(B 51/91),(FN/1991/2)
Ziffer8,FN,1,1991,(B 51/91),(FN/1991/1)
Ziffer1,FNP,1,1990,(B 91/90),(FNP/1990/1)
Ziffer12,FNP,1,1990,(B 91/90),(FNP/1990/2)
Ziffer8,FNP,1,2017,(0723/17/2),(FNP/2017/1)
Ziffer2,Focus,1,2006,(BK2-29/06),(Focus/2006/01)
Ziffer8,Focus,1,2006,(BK2-29/06),(Focus/2006/01)
Ziffer7,FocusM,1,2006,(BK2-92/06),(FocusM/2006/01)
Ziffer1,FocusO,1,2015,(0399/15/2),(FocusO/2015/2)
Ziffer11,FocusO,1,2014,(0173+0182/14/2),(FocusO/2014/1)
Ziffer7,FocusO,1,2015,(0252/15/1),(FocusO/2015/3)
Ziffer7,FocusO,1,2016,(1071/15/3),(FocusO/2016/1)
Ziffer7,FocusO,1,2016,(1108/15/3),(FocusO/2016/2)
Ziffer7,FocusO,1,2017,(0410/17/3),(FocusO/2017/1)
Ziffer8,FocusO,1,2015,(0517/15/2),(FocusO/2015/1)
Ziffer7,Forum,1,2018,(0714/18/3),(Forum/2018/1)
Ziffer1,FR,1,1991,(B 47/91),(FR/1991/1)
Ziffer8,FR,1,2006,(BK2-165/06),(FR/2006/01)
Ziffer7,FRP,1,2006,(BK1-69/06),(FRP/2006/01)
Ziffer7,FRW,1,2010,(0649/10/2),(FRW/2010/1)
Ziffer7,FS,1,2008,(BK1-224/07),(FS/2008/01)
Ziffer7,FW,1,2010,(0295/10/2),(FW/2010/1)
Ziffer8,FZ,2,2000,(B 178/00),(FZ/2000/01)
Ziffer2,GeislingZ,1,2016,(1057/15/4),(GeislingZ/2016/1)
Ziffer2,GLAM,1,2003,(B1-266/02),(GLAM/2003/01)
Ziffer7,GM,1,2010,(BK2-414/09),(GM/2010/1)
Ziffer7,GoL,1,2007,(BK1-355/06),(GoL/2007/01)
Ziffer7,GONG,1,2008,(BK2-263/07),(GONG/2008/01)
Ziffer7,GONG,1,2010,(BK2-464/09),(GONG/2010/1)
Ziffer7,GONG,1,2018,(0310/18/3),(GONG/2018/1)
Ziffer1,GP,1,1999,(B 68/99),(GP/1999/1)
Ziffer2,GP,1,1999,(B 68/99),(GP/1999/1)
Ziffer11,GZ,1,2010,(0155/10/2),(GZ/2010/1)
Ziffer7,GZ,1,2015,(0912/14/1),(GZ/2015/2)
Ziffer8,GZ,1,2015,(0912/14/1),(GZ/2015/1)
Ziffer13,HAB,2,2004,(BK2-25/04),(HAB/2004/01)
Ziffer2,HAB,1,2006,(BK2-227/06),(HAB/2006/01)
Ziffer8,HAB,2,2004,(BK2-25/04),(HAB/2004/01)
Ziffer6,HAZ,2,2002,(B1-203/02),(HAZ/2002/01)
Ziffer8,HAZ,2,2002,(B1-203/02),(HAZ/2002/01)
Ziffer8,HAZ,2,2009,(BK2-328/09),(HAZ/2009/01)
Ziffer9,HK,1,1992,(B 68/91),(HK/1992/1)
Ziffer8,HLZ,2,2002,(B1-129/02),(HLZ/2002/01)
Ziffer1,HM,1,2019,(0125/19/3),(HM/2019/1)
Ziffer11,HM,2,2001,"(B 108,109,110/01)",(HM/2001/01)
Ziffer11,HM,1,2006,(BK2-102/06),(HM/2006/02)
Ziffer13,HM,1,2003,(B1-255/02),(HM/2003/01)
Ziffer2,HM,1,2001,(B 5/01),(HM/2001/02)
Ziffer2,HM,1,2008,(BK2-254/08),(HM/2008/01)
Ziffer4,HM,1,1990,(B 8/90),(HM/1990/1)
Ziffer5,HM,2,1993,(B 18/93),(HM/1993/1)
Ziffer7,HM,1,2007,(BK1-102/07),(HM/2007/01)
Ziffer7,HM,1,2019,(0125/19/3),(HM/2019/2)
Ziffer8,HM,2,2001,"(B 108,109,110/01)",(HM/2001/01)
Ziffer8,HM,1,2005,(BK1-78/05),(HM/2005/01)
Ziffer8,HM,2,2006,(BK2-98/06),(HM/2006/01)
Ziffer12,Hoerzu,1,1995,(B 18/95),(Hoerzu/1995/1)
Ziffer7,Hoerzu,1,2019,(1019/18/3),(Hoerzu/2019/2)
Ziffer7,Hoerzu,1,2019,(0403/19/3),(Hoerzu/2019/1)
Ziffer1,HS,1,1998,"(B 86,87,88/98)",(HS/1998/1)
Ziffer12,HS,1,1998,"(B 86,87,88/98)",(HS/1998/1)
Ziffer2,HS,1,2003,(B1-268/02),(HS/2003/01)
Ziffer2,Huerriyet,1,1994,(B 76/94),(Huerriyet/1994/1)
Ziffer2,Huerriyet,1,1999,(B 92/99),(Huerriyet/1999/1)
Ziffer2,Huerriyet,1,2001,(B 93/01),(Huerriyet/2001/01)
Ziffer9,Huerriyet,1,1994,(B 76/94),(Huerriyet/1994/2)
Ziffer7,HUS,1,2006,(BK1-300/05),(HUS/2006/01)
Ziffer7,HUW,1,2010,(0652/10/1),(HUW/2010/1)
Ziffer8,HZ,2,2003,(B1-120/03),(HZ/2003/01)
Ziffer2,Impulse,1,2005,(BK1-92/05),(Impulse/2005/01)
Ziffer7,IN,1,2008,(BK2-264/07),(IN/2008/01)
Ziffer7,IN,1,2009,(BK1-183/08),(IN/2009/01)
Ziffer7,IN,1,2013,(0038/13/1),(IN/2013/1)
Ziffer9,IS,1,1993,(B 51/93),(IS/1993/1)
Ziffer7,J,1,2001,(B 178/01),(J/2001/01)
Ziffer12,JF,1,2013,(686/13/1),(JF/2013/1)
Ziffer9,JF,1,2001,(B 130/01),(JF/2001/01)
Ziffer2,JFO,1,2019,(0580/19/1),(JFO/2019/1)
Ziffer7,Jolie,1,2018,(0939/17/3),(Jolie/2018/1)
Ziffer1,JW,1,1997,(B 140/97),(JW/1997/1)
Ziffer7,K,1,2018,(0094/18/3),(K/2018/1)
Ziffer1,KE,1,2010,(0037/10/2),(KE/2010/1)
Ziffer2,KE,1,2010,(0037/10/2),(KE/2010/1)
Ziffer9,KE,1,2010,(0037/10/2),(KE/2010/1)
Ziffer7,KI,1,2009,(BK1-294/08),(KI/2009/01)
Ziffer7,Kicker,1,2008,(BK2-129/08),(Kicker/2008/01)
Ziffer7,KL,1,2013,(0230/13/1),(KL2013/1)
Ziffer1,KRO,1,2018,(0150/18/1),(KRO/2018/1)
Ziffer6,KRO,1,2018,(0150/18/1),(KRO/2018/2)
Ziffer7,KSA,1,2007,(BK2-318/06),(KSA/2007/01)
Ziffer1,KSO,1,2018,(0148/18/1),(KSO/2018/1)
Ziffer6,KSO,1,2018,(0148/18/1),(KSO/2018/2)
Ziffer7,KWM,1,2010,(0443/10/2),(KWM/2010/1)
Ziffer7,LAM,1,2014,(0374/14/2),(LAM/2014/1)
Ziffer7,LAM,1,2014,(0375/14/2),(LAM/2014/2)
Ziffer7,LAM,1,2015,(0501/15/2),(LAM/2015/1)
Ziffer7,Lauf,1,2013,(0213/13/2),(Lauf/2013/1)
Ziffer7,Laura,1,2010,(0647/10/1),(Laura/2010/1)
Ziffer7,LDZ,1,2002,(B1-19/02),(LDZ/2002/01)
Ziffer1,Lea,1,2011,(0454/11/1),(Lea/2011/1)
Ziffer7,Lea,1,2010,(0653/10/1),(Lea/2010/1)
Ziffer7,LN,1,1998,(B 143/98),(LN/1998/1)
Ziffer7,LO,1,2018,(0541/18/3),(LO/2018/1)
Ziffer2,LP,1,2004,"(BK2-33,34,35,36,38/04)",(LP/2004/01)
Ziffer8,LueP,1,2011,(0669/10/3),(LueP/2011/1)
Ziffer8,LueP,1,2012,(0771/11/3),(LueP/2012/1)
Ziffer2,LV,1,2015,(0662/15/1),(LV/2015/2)
Ziffer7,LV,1,2015,(0424/15/1),(LV/2015/1)
Ziffer9,LV,1,2013,(712/13/1),(LV/2013/1)
Ziffer8,LZ,1,2003,(B1-177/03),(LZ/2003/01)
Ziffer7,MA,1,2002,(B 244/01),(MA/2002/01)
Ziffer2,MaerkischeA,1,2015,(0118/15/1),(MaerkischeA/2015/1)
Ziffer8,MaerkischeA,1,2015,(0118/15/1),(MaerkischeA/2015/2)
Ziffer7,Mata,1,2007,(BK2-241/07),(Mata/2007/01)
Ziffer2,MAX,1,2001,(B 47/01),(MAX/2001/01)
Ziffer4,MAX,1,2001,(B 47/01),(MAX/2001/01)
Ziffer10,MBZ,1,1990,(B 17/90),(MBZ/1990/2)
Ziffer12,MBZ,1,1990,(B 59/90),(MBZ/1990/3)
Ziffer2,MBZ,1,1990,(B 17/90),(MBZ/1990/1)
Ziffer7,MBZ,1,2008,(BK2-193/08),(MBZ/2008/01)
Ziffer8,MBZ,2,2003,(B1-274/02),(MBZ/2003/01)
Ziffer8,MBZ,2,2010,(BA2-19-09),(MBZ/2010/1)
Ziffer8,MBZ,2,2013,(0051/13/3),(MBZ/2013/1)
Ziffer8,ME,1,1991,(B 32/91),(ME/1991/1)
Ziffer7,Merian,1,2006,(BK2-48/06),(Merian/2006/01)
Ziffer1,MF,1,2013,(345/13/2),(MF/2013/1)
Ziffer2,MF,1,2013,(345/13/2),(MF/2013/1)
Ziffer7,MG,1,2004,(BK2-169/04),(MG/2004/01)
Ziffer1,MHM,1,2015,(752/15/1),(MHM/2015/2)
Ziffer8,MHM,1,2015,(752/15/1),(MHM/2015/1)
Ziffer12,MM,1,1990,(B 70/90),(MM/1990/1)
Ziffer2,MM,1,2006,(BK2-50/06),(MM/2006/01)
Ziffer3,MM,1,2006,(BK2-50/06),(MM/2006/01)
Ziffer8,MM,1,1993,(B 42a/93),(MM/1993/1)
Ziffer8,MM,1,1996,(B 99/95),(MM/1996/1)
Ziffer7,MMP,1,2010,(0646/10/1),(MMP/2010/1)
Ziffer2,MNZ,2,2008,(BK2-264/07),(MNZ/2008/01)
Ziffer7,MO,1,2011,(0337/11/2),(MO/2011/1)
Ziffer7,MO,1,2012,(0597/12/2),(MO/2012/1)
Ziffer7,MO,1,2019,(0168/19/3),(MO/2019/1)
Ziffer11,Mopo,1,2016,(0229/16/2),(Mopo/2016/1)
Ziffer11,Mopo,1,2016,(0846/16/1),(Mopo/2016/2)
Ziffer8,Mopo,1,2016,(0229/16/2),(Mopo/2016/2)
Ziffer7,MRUP,1,1999,(B 27/99),(MRUP/1999/1)
Ziffer7,MTA,1,2006,(BK1-171/06),(MTA/2006/01)
Ziffer7,Myself,1,2006,(BK2-278/06),(Myself/2006/01)
Ziffer7,Myself,1,2009,(BK2-314/08),(Myself/2009/01)
Ziffer8,MZ,1,2007,(BK1-18/07),(MZ/2007/01)
Ziffer10,ND,1,1994,(B 87/93),(ND/1994/1)
Ziffer7,Netmoms,1,2016,(0328/16/3),(Netmoms/2016/1)
Ziffer1,NK,1,2014,(0628/14/1),(NK/2014/1)
Ziffer11,NK,1,2014,(0628/14/1),(NK/2014/1)
Ziffer13,NK,1,2008,(BK1-69/08),(NK/2008/01)
Ziffer8,NK,1,2008,(BK1-69/08),(NK/2008/01)
Ziffer7,NMN,1,2006,(BK1-82/06),(NMN/2006/01)
Ziffer2,NN,1,2002,(B1-109/02),(NN/2002/01)
Ziffer1,NP,1,2017,(244/17/1),(NP/2017/1)
Ziffer2,NP,1,1996,(B 42a/96),(NP/1996/1)
Ziffer2,NP,1,2002,(B1-97/02),(NP/2002/01)
Ziffer8,NP,1,1996,(B 42a/96),(NP/1996/1)
Ziffer2,NPR,1,1999,(B 40/99),(NPR/1999/1)
Ziffer8,NPR,1,2006,(BK1-142/06),(NPR/2006/01)
Ziffer8,NR,1,2003,(B1-270/02),(NR/2003/01)
Ziffer8,NRZ,1,1999,(B 166/98),(NRZ/1999/1)
Ziffer12,NW,1,2001,(B 29/01),(NW/2001/01)
Ziffer7,NW,1,2004,(BK2-78/04),(NW/2004/01)
Ziffer7,NW,1,2007,(BK2-52/07),(NW/2007/01)
Ziffer7,NW,1,2007,(BK2-148/07),(NW/2007/02)
Ziffer9,NW,1,2001,(B 29/01),(NW/2001/01)
Ziffer13,NWZ,1,2019,(0267/19/2),(NWZ/2019/1)
Ziffer2,NWZ,1,2019,(0267/19/2),(NWZ/2019/2)
Ziffer7,NWZ,1,2007,(BK2-320/06),(NWZ/2007/01)
Ziffer8,NWZO,2,2010,(0509/10/2),(NWZO/2010/1)
Ziffer8,NWZO,1,2018,(0630/18/4),(NWZO/2018/1)
Ziffer12,OBPO,1,2009,(BK1-358/09),(OBPO/2009/01)
Ziffer2,Oeko,1,2006,(BK2-36/06),(Oeko/2006/01)
Ziffer8,OFK,2,2002,(B1-287/01/Z),(OFK/2002/01)
Ziffer1,OFN,1,2001,"(B 174,175,176/01)",(OFN/2001/01)
Ziffer6,OFN,1,2001,"(B 174,175,176/01)",(OFN/2001/01)
Ziffer8,OFN,1,2014,(0588/14/1),(OFN/2014/1)
Ziffer7,OHA,1,1997,(B 67/97),(OHA/1997/1)
Ziffer12,OP,1,2002,(B 266/01),(OP/2002/01)
Ziffer12,OP,1,2003,(B1-114/03),(OP/2003/01)
Ziffer12,OP,1,2003,(B1-306/02),(OP/2003/02)
Ziffer7,OSTZ,1,2006,(BK2-276/05),(OSTZ/2006/01)
Ziffer12,OVB,1,2006,(BK1-220/06),(OVB/2006/01)
Ziffer2,OVB24,1,2017,(0686/17/1),(OVB24/2017/1)
Ziffer8,OZ,1,2019,(0310/19/4),(PZ/2019/1)
Ziffer2,PAZ,1,2005,(BK1-213/04),(PAZ/2005/01)
Ziffer9,PAZ,1,2005,(BK1-213/04),(PAZ/2005/01)
Ziffer6,PCgo,1,2006,(BK2-252/06),(PCgo/2006/01)
Ziffer1,PCM,1,2012,(0768/11/1),(PCM/2012/1)
Ziffer6,PCM,1,2006,(BK1-210/06),(PCM/2006/01)
Ziffer1,PCP,1,2007,(BK2-186/07),(PCP/2007/01)
ZifferPra,PCP,1,2007,(BK2-186/07),(PCP/2007/01)
Ziffer1,PCW,1,2009,(BK1-281/08),(PCW/2009/01)
Ziffer1,PCWO,1,2009,(BK1-281/08),(PCWO/2009/01)
Ziffer7,Pet,1,2015,(870/15/1),(Pet/2015/1)
Ziffer9,Playboy,1,1992,(B 51/92),(Playboy/1992/1)
Ziffer1,POP,1,2005,(BK2-60/05),(POP/2005/01)
Ziffer11,POP,1,2004,(BK2-67/04),(POP/2004/01)
Ziffer11,POP,1,2005,(BK2-60/05),(POP/2005/01)
Ziffer12,POP,1,2005,(BK2-60/05),(POP/2005/01)
Ziffer12,Praline,1,1993,(B 49/93),(Praline/1993/1)
Ziffer2,Praline,1,1996,(B 42b/96),(Praline/1996/1)
Ziffer8,Praline,1,1996,(B 42b/96),(Praline/1996/1)
Ziffer7,PREM,1,2011,(0917/10/2),(PREM/2011/1)
Ziffer7,PREM,1,2011,(0164 + 0192/11/1),(PREM/2011/2)
Ziffer7,Prisma,1,2007,(BK2-94/07),(Prisma/2007/01)
Ziffer7,Prisma,1,2007,(BK2-95/07),(Prisma/2007/02)
Ziffer7,Prisma,1,2009,(BK2-53+54/09),(Prisma/2009/01)
Ziffer7,Prisma,1,2009,(BK2-181-09),(Prisma/2009/02)
Ziffer2,PS,1,2007,(BK2-313/06,(PS/2007/01)
Ziffer1,PW,1,2013,(334/13/2),(PW/2013/1)
Ziffer2,PW,1,2013,(334/13/2),(PW/2013/1)
Ziffer2,PZ,1,1993,(B 57/92),(PZ/1993/1)
Ziffer2,Quick,1,1991,(B 21/91),(Quick/1991/1)
Ziffer2,Quick,1,1992,(B 66/91),(Quick/1992/2)
Ziffer8,Quick,1,1992,(B 39/90),(Quick/1992/1)
Ziffer7,Quix,1,2007,(BK2-187/07),(Quix/2007/01)
Ziffer7,RAT,1,2002,(B1-8/02),(RAT/2002/01)
Ziffer1,RB,1,2018,(0259/18/2),(RB/2018/1)
Ziffer7,RCF,1,2013,(614/13/1),(RCF/2013/1)
Ziffer1,RE,1,2013,(381+469+471/13/2),(RE/2013/1)
Ziffer9,RE,1,2013,(381+469+471/13/2),(RE/2013/1)
Ziffer2,RemsZ,1,2016,(0561/16/3),(RemsZ/2016/1)
Ziffer8,RemsZ,1,2016,(0561/16/3),(RemsZ/2016/2)
Ziffer2,RevueH,1,2015,(0239/15/2),(RevueH/2015/1)
Ziffer8,RevueH,1,2015,(0239/15/2),(RevueH/2015/2)
Ziffer7,RF,1,2009,(BK2-262/08),(RF/2009/01)
Ziffer9,RK,1,1990,(B 14/90),(RK/1990/1)
Ziffer7,RMM,1,2019,(0272 + 0728 + 0729/18/3),(RMM/2019/1)
Ziffer12,RNR,1,2007,(BK2-43 und 44/07),(RNR/2007/01)
Ziffer1,RP,1,1999,(B 49/99),(RP/1999/1)
Ziffer12,RP,1,1999,(B 49/99),(RP/1999/1)
Ziffer7,RP,1,2010,(0208/10/1),(RP/2010/1)
Ziffer7,RP,1,2011,(0252/11/1),(RP/2011/1)
Ziffer7,RPO,1,2015,(0597/15/2),(RPO/2015/1)
Ziffer8,RS,2,2007,(BK2-244/07),(RS/2007/01)
Ziffer7,RTV,1,2000,(B 97/99),(RTV/2000/01)
Ziffer7,RTV,1,2007,(BK1-364/06),(RTV/2007/01)
Ziffer7,Rubin,1,2007,(BK1-225/07),(Rubin/2007/01)
Ziffer9,RUN,1,2001,(B 97/01),(RUN/2001/01)
Ziffer7,Runn,1,2013,(214/13/2),(Runn/2013/1)
Ziffer2,RZ,1,2001,"(B 144,163,164/01)",(RZ/2001/01)
Ziffer9,RZ,1,2001,"(B 144,163,164/01)",(RZ/2001/01)
Ziffer1,SA,1,2015,(0268/15/1),(SA/2015/1)
Ziffer11,SA,1,2015,(0268/15/1),(SA/2015/3)
Ziffer2,SA,1,2001,(B 43/01),(SA/2001/01)
Ziffer8,SA,2,2007,(BA2-4/07),(SA/2007/01)
Ziffer8,SA,1,2015,(0268/15/1),(SA/2015/2)
Ziffer9,Sabah,1,1999,(B 33/99),(Sabah/1999/1)
Ziffer2,SAEZ,1,2003,(B1-115/03),(SAEZ/2003/01)
Ziffer2,SAEZ,1,2005,(BK1-203/04),(SAEZ/2005/01)
Ziffer8,SAEZ,1,2005,(BK1-203/04),(SAEZ/2005/01)
Ziffer8,SAEZ,2,2009,(BK2-49/09),(SAEZ/2009/01)
Ziffer8,SAEZ,2,2010,(0524/10/1),(SAEZ/2010/1)
Ziffer8,SAEZ,2,2013,(0040/13/3),(SAEZ/2013/1)
Ziffer8,SAEZO,2,2009,(BK2-49/09),(SAEZO/2009/01)
Ziffer7,SAZ,1,2001,(B 197/01),(SAZ/2001/01)
Ziffer7,SB,1,2002,(B1-22/02),(SB/2002/01)
Ziffer11,SCHB,1,2007,(BK1-362/06),(SCHB/2007/01)
Ziffer2,SCHB,1,2007,(BK1-362/06),(SCHB/2007/01)
Ziffer2,SCHN,1,2008,(BK1-142/08),(SchN/2008/01)
Ziffer7,SCHP,1,2006,(BK2-15/06),(SCHP/2006/01)
Ziffer8,SCHZ,1,2009,(BK1-234-09),(SCHZ/2009/01)
Ziffer8,SCHZ,2,2018,(0068/18/4),(SCHZ/2018/1)
Ziffer7,Segeln,1,2005,(BK1-182/05),(Segeln/2005/01)
Ziffer12,SGZ,1,1998,(B 58/98),(SGZ/1998/1)
Ziffer9,SGZ,1,1998,(B 58/98),(SGZ/1998/1)
Ziffer6,Shape,1,1999,(B 53/99),(Shape/1999/1)
Ziffer7,Shape,1,1999,(B 53/99),(Shape/1999/1)
Ziffer2,SHBT,1,2011,(0831/10/2),(SHBT/2011/1)
Ziffer9,SHBT,1,2011,(0831/10/2),(SHBT/2011/1)
Ziffer7,SHZ,1,2015,(1044/14/3),(SHZ/2015/1)
Ziffer7,SIZ,1,2010,(0272/10/1),(SIZ/2010/1)
Ziffer1,SK,1,2019,(0758/19/1),(SK/2019/1)
Ziffer6,SK,1,2019,(0758/19/1),(SK/2019/2)
Ziffer7,SPHT,1,1992,(B 18/92),(SPHT/1992/1)
Ziffer1,Stern,1,2000,(B 114/00),(Stern/2000/01)
Ziffer11,Stern,2,1997,(B 120/97),(Stern/1997/1)
Ziffer11,Stern,1,2000,(B 114/00),(Stern/2000/01)
Ziffer12,Stern,1,2005,(BK1-210/04),(Stern/2005/01)
Ziffer2,Stern,1,2001,"(B 154,155/01)",(Stern/2001/01)
Ziffer2,Stern,1,2002,"(B1-1,2,3,4/02)",(Stern/2002/01)
Ziffer8,Stern,1,1999,(B 82/99),(Stern/1999/1)
Ziffer8,Stern,1,2000,(B 114/00),(Stern/2000/01)
Ziffer8,Stern,1,2001,"(B 154,155/01)",(Stern/2001/01)
Ziffer8,Stern,1,2001,(B 222/00),(Stern/2001/02)
Ziffer9,Stern,1,2002,"(B1-1,2,3,4/02)",(Stern/2002/01)
Ziffer11,SternC,1,2019,(0070/19/1),(SternC/2019/1)
Ziffer8,SternC,1,2019,(0070/19/1),(SternC/2019/2)
Ziffer7,STG,1,2015,(0385/15/2),(STG/2015/1)
Ziffer12,STT,1,2005,(BK2-6/05),(STT/2005/01)
Ziffer2,STU,1,2002,(B1-133/02),(STU/2002/01)
Ziffer7,Sugar,1,2007,(BK1-357/06),(Sugar/2007/01)
Ziffer1,Super,1,1991,(B 27/91),(Super/1991/1)
Ziffer8,Super,2,1991,(B 54/91),(Super/1991/2)
Ziffer2,SuperI,2,1993,(B 75/93),(SuperI/1993/2)
Ziffer8,SuperI,1,1992,(B 39/92),(SuperI/1992/1)
Ziffer8,SuperI,1,1993,(B 48e/93),(SuperI/1993/1)
Ziffer8,SuperI,2,1993,(B 75/93),(SuperI/1993/3)
Ziffer13,SZ,1,2001,(B 226/00),(SZ/2001/01)
Ziffer2,SZ,1,2002,(B1-233/02),(SZ/2002/01)
Ziffer8,SZO,1,2018,(0526/18/4),(SZO/2018/1)
Ziffer2,Tag,1,2018,(0260/18/1),(Tag/2018/1)
Ziffer11,Tango,2,1995,(B 87/94),(Tango/1995/1)
Ziffer8,Tango,2,1995,(B 87/94),(Tango/1995/1)
Ziffer1,Taz,1,1997,(B 79/96),(Taz/1997/1)
Ziffer1,Taz,1,2001,(B 53/01),(Taz/2001/02)
Ziffer1,Taz,1,2002,(B1-131/02),(Taz/2002/01)
Ziffer10,Taz,1,1991,(B 28/87),(Taz/1991/1)
Ziffer11,Taz,1,2016,(0231/16/2),(Taz/2016/1)
Ziffer2,Taz,1,2001,"(B 218,219/00)",(Taz/2001/03)
Ziffer2,Taz,2,2009,(BK2-43/09),(Taz/2009/01)
Ziffer2,Taz,1,2013,(0186/13/1),(Taz/2013/1)
Ziffer7,Taz,1,2016,(0231/16/2),(Taz/2016/2)
Ziffer8,Taz,2,2000,(B 86/00),(Taz/2000/01)
Ziffer8,Taz,2,2009,(BK2-43/09),(Taz/2009/01)
Ziffer9,Taz,1,1999,(B 59/99),(Taz/1999/1)
Ziffer9,Taz,1,2001,(B 191/01),(Taz/2001/01)
Ziffer9,Taz,1,2013,(0186/13/1),(Taz/2013/1)
Ziffer2,TAZO,2,2009,(BK2-43/09),(TAZO/2009/01)
Ziffer8,TAZO,2,2009,(BK2-43/09),(TAZO/2009/01)
Ziffer8,TAZO,1,2018,(0350/18/4),(TAZO/2018/1)
Ziffer8,Tempo,2,1992,(B 32/92),(Tempo/1992/1)
Ziffer7,TGS,1,2004,(BK2-154/04),(TGS/2004/01)
Ziffer7,TGS,1,2004,(BK2-126/04),(TGS/2004/02)
Ziffer7,TGS,1,2006,(BK2-118/06),(TGS/2006/01)
Ziffer2,TGSO,1,2014,(0546/14/3),(TGSO/2014/1)
Ziffer7,TGSO,1,2017,(0868/17/3),(TGSO/2017/1)
Ziffer8,TGSO,1,2014,(0546/14/3),(TGSO/2014/1)
Ziffer2,TGZ,1,2002,(B1-116/02),(TGZ/2002/01)
Ziffer1,THA,1,2006,(BK1-5/06),(THA/2006/01)
Ziffer1,THA,1,2009,(BK1-369/09),(THA/2009/01)
Ziffer2,THA,1,2006,(BK1-5/06),(THA/2006/01)
Ziffer6,THA,1,2009,(BK1-369/09),(THA/2009/01)
Ziffer9,THA,1,2006,(BK1-5/06),(THA/2006/01)
Ziffer7,Tina,1,2010,(0645/10/1),(Tina/2010/1)
Ziffer1,Titanic,1,1997,(B 69/97),(Titanic/1997/1)
Ziffer10,Titanic,1,1995,(B 103/94),(Titanic/1995/1)
Ziffer9,Titanic,1,2012,(0404/12/1),(Titanic/2012/1)
Ziffer11,TitanicO,1,2010,(BK1-451/09),(TitanicO/2010/1)
Ziffer7,TMK,1,2006,(BK2-276/06),(TMK/2006/01)
Ziffer7,TMR,1,2017,(0046/17/3),(TMR/2017/1)
Ziffer7,TS,1,1999,(B 34/99),(TS/1999/1)
Ziffer6,TTO,1,2017,(0585/17/2),(TTO/2017/1)
Ziffer1,TV,1,2015,(0710/15/1),(TV/2015/1)
Ziffer7,TV,1,2002,(B1-212/02),(TV/2002/01)
Ziffer7,TV,1,2007,(BK2-321/06),(TV/2007/01)
Ziffer7,TV,1,2007,(BK2-16/07),(TV/2007/02)
Ziffer7,TV,1,2011,(0795/10/1),(TV/2011/1)
Ziffer7,TV,1,2015,(0710/15/1),(TV/2015/2)
Ziffer7,TV,1,2016,(0080/16/3),(TV/2016/1)
Ziffer7,TV14,1,2010,(BK2-409/09),(TV14/2010/1)
Ziffer7,TV14,1,2010,(0671/10/2),(TV14/2010/2)
Ziffer7,TV14,1,2012,(0794/11/2),(TV14/2012/1)
Ziffer7,TV14,1,2016,(0431/16/3),(TV14/2016/1)
Ziffer7,TV14,1,2016,(0734/16/3),(TV14/2016/2)
Ziffer11,TVM,1,2015,(0741/15/2),(TVM/2015/1)
Ziffer7,TVMO,1,2015,(0776/15/1),(TVMO/2015/1)
Ziffer7,TVS,1,2006,(BK2-167/06),(TVS/2006/01)
Ziffer1,TZ,1,2019,(0128/19/3),(TZ/2019/1)
Ziffer13,TZ,2,1993,(B 63a/93),(TZ/1993/2)
Ziffer13,TZ,1,2013,(0078/13/1),(TZ/2013/1)
Ziffer2,TZ,1,1992,(B 38/92),(TZ/1992/1)
Ziffer2,TZ,1,2002,(B1-218/02),(TZ/2002/01)
Ziffer7,TZ,1,1990,(B 31/90),(TZ/1990/1)
Ziffer7,TZ,1,2019,(0128/19/3),(TZ/2019/2)
Ziffer8,TZ,1,1993,(B 42b/93),(TZ/1993/1)
Ziffer8,TZ,1,2002,(B1-218/02),(TZ/2002/01)
Ziffer8,TZ,1,2012,(0592/12/1),(TZ/2012/1)
Ziffer8,TZ,1,2013,(0078/13/1),(TZ/2013/1)
Ziffer8,TZ,1,2018,(0786/17/1),(TZ/2018/1)
Ziffer13,TZM,1,2002,(B 213/01),(TZM/2002/01)
Ziffer2,TZM,1,2002,(B 213/01),(TZM/2002/01)
Ziffer8,TZM,2,2006,(BK2-258/06),(TZM/2006/01)
Ziffer13,TZO,1,2013,(0078/13/1),(TZO/2013/1)
Ziffer7,TZO,1,2010,(0673/10/2),(TZO/2010/1)
Ziffer7,TZO,1,2012,(0229/12/2),(TZO/2012/1)
Ziffer8,TZO,1,2012,(0592/12/1),(TZO/2012/2)
Ziffer8,TZO,1,2013,(0078/13/1),(TZO/2013/1)
Ziffer8,TZO,1,2017,(0474/17/1),(TZO/2017/1)
Ziffer7,UNI,1,2004,(BK1-110/04),(UNI/2004/01)
Ziffer7,UUM,1,2007,(BK2-194/07),(UUM/2007/01)
Ziffer2,VA,1,2010,(0224/10/1),(VA/2010/1)
Ziffer9,VA,1,2010,(0224/10/1),(VA/2010/1)
Ziffer7,VBK,1,2005,(BK1-73/05),(VBK/2005/01)
Ziffer7,VEN,1,2001,(B 210/00),(VEN/2001/01)
Ziffer1,VFZF,1,2011,(0169/11/2),(VFZF/2011/1)
Ziffer2,VM,1,2002,(B2-5/02),(VM/2002/01)
Ziffer3,VM,1,2002,(B2-5/02),(VM/2002/01)
Ziffer8,VM,1,2002,(B2-5/02),(VM/2002/01)
Ziffer11,VO,1,2000,(B 13/00),(VO/2000/01)
Ziffer6,VolksO,1,2017,(0563/17/2),(VolksO/2017/1)
Ziffer2,VS,1,2011,(0016/11/1),(VS/2011/1)
Ziffer8,VS,1,2011,(0016/11/1),(VS/2011/1)
Ziffer8,WAZ,2,1990,(B 63/89),(WAZ/1990/1)
Ziffer7,WDWM,1,2015,(1124/14/1),(WDWM/2015/1)
Ziffer9,Web,1,2019,(0350/19/1),(Web/2019/1)
Ziffer12,Welt,1,2005,"(BK1-207, 208, 209/04, 9/05)",(Welt/2005/01)
Ziffer7,Welt,1,2002,(B1-40/02),(Welt/2002/01)
Ziffer7,WeltAS,1,2009,(BK1-354/09),(WeltAS/2009/01)
Ziffer2,WELZ,1,2004,(B1-5/04),(WELZ/2004/01)
Ziffer2,WET,1,2002,(B1-59/02),(WET/2002/01)
Ziffer9,WET,1,2002,(B1-59/02),(WET/2002/01)
Ziffer7,WF,1,2004,(B1-111/03),(WF/2004/01)
Ziffer12,WFB,1,1993,(B 28/93),(WFB/1993/4)
Ziffer12,WFB,1,1997,(B 11/97),(WFB/1997/1)
Ziffer2,WFB,1,1997,(B 11/97),(WFB/1997/1)
Ziffer2,WFB,1,2002,(B1-152/02),(WFB/2002/02)
Ziffer2,WHN,1,1995,(B 34/95),(WHN/1995/1)
Ziffer2,WHN,1,1995,(B 61/95),(WHN/1995/2)
Ziffer7,WK,1,2012,(0005/12/2),(WK/2012/1)
Ziffer7,WN,1,2015,(0221/15/2),(WN/2015/1)
Ziffer2,WNZ,1,2012,(0583/12/2),(WNZ/2012/1)
Ziffer8,WNZ,1,2012,(0583/12/2),(WNZ/2012/1)
Ziffer2,WO,1,2012,(0242/12/1),(WO/2012/1)
Ziffer7,WO,1,2009,(BK1-311/09),(WO/2009/01)
Ziffer8,WO,1,2010,(0318/10/1),(WO/2010/1)
Ziffer8,WO,1,2014,(0156/14/1),(WO/2014/1)
Ziffer8,WO,1,2014,(0126+0154/14/1),(WO/2014/2)
Ziffer9,WO,1,2012,(0242/12/1),(WO/2012/1)
Ziffer12,WUH,1,2005,"(BK2-240/04, 36/05)",(WUH/2005/01)
Ziffer7,WZ,1,2018,(0999/17/3),(WZ/2018/1)
Ziffer8,WZ,2,2002,(B1-240/02),(WZ/2002/01)
Ziffer13,YA,1,2009,(BK1-312/08),(YA/2009/01)
Ziffer11,YO,1,2016,(0329/16/2),(YO/2016/1)
Ziffer8,YO,1,2016,(0329/16/2),(YO/2016/2)